{
	"Version": 3,
	"Parameters": [
		{
			"Id": "Param12",
			"GroupId": "ParamGroup7",
			"Name": "水印消失"
		},
		{
			"Id": "Param3",
			"GroupId": "ParamGroup7",
			"Name": "眼睛切换"
		},
		{
			"Id": "Param4",
			"GroupId": "ParamGroup7",
			"Name": "阴影关闭"
		},
		{
			"Id": "Param11",
			"GroupId": "ParamGroup7",
			"Name": "胡子关闭"
		},
		{
			"Id": "Param5",
			"GroupId": "ParamGroup7",
			"Name": "体型 高矮"
		},
		{
			"Id": "Param7",
			"GroupId": "ParamGroup7",
			"Name": "体型 胖瘦"
		},
		{
			"Id": "Param8",
			"GroupId": "ParamGroup7",
			"Name": "尾巴 大小"
		},
		{
			"Id": "Param9",
			"GroupId": "ParamGroup7",
			"Name": "尾巴 位置X"
		},
		{
			"Id": "Param10",
			"GroupId": "ParamGroup7",
			"Name": "尾巴 位置Y"
		},
		{
			"Id": "ParamEyeROpen",
			"GroupId": "ParamGroup2",
			"Name": "左眼　开闭"
		},
		{
			"Id": "ParamEyeRSmile",
			"GroupId": "ParamGroup2",
			"Name": "左眼　微笑"
		},
		{
			"Id": "ParamEyeLOpen",
			"GroupId": "ParamGroup2",
			"Name": "右眼"
		},
		{
			"Id": "ParamEyeLSmile",
			"GroupId": "ParamGroup2",
			"Name": "右眼　微笑"
		},
		{
			"Id": "ParamEyeBallX",
			"GroupId": "ParamGroup2",
			"Name": "眼珠 X"
		},
		{
			"Id": "ParamEyeBallY",
			"GroupId": "ParamGroup2",
			"Name": "眼珠 Y"
		},
		{
			"Id": "ParamAngleZ",
			"GroupId": "ParamGroup",
			"Name": "角度 Z"
		},
		{
			"Id": "ParamAngleX",
			"GroupId": "ParamGroup",
			"Name": "角度 X"
		},
		{
			"Id": "ParamAngleY",
			"GroupId": "ParamGroup",
			"Name": "角度 Y"
		},
		{
			"Id": "ParamBodyAngleX",
			"GroupId": "ParamGroup",
			"Name": "身体　X"
		},
		{
			"Id": "ParamBodyAngleY",
			"GroupId": "ParamGroup",
			"Name": "身体　Y"
		},
		{
			"Id": "ParamBodyAngleZ",
			"GroupId": "ParamGroup",
			"Name": "身体　Z"
		},
		{
			"Id": "ParamBodyAngleZ3",
			"GroupId": "ParamGroup",
			"Name": "ZZ"
		},
		{
			"Id": "ParamBodyAngleY2",
			"GroupId": "ParamGroup",
			"Name": "YY"
		},
		{
			"Id": "ParamBreath",
			"GroupId": "ParamGroup",
			"Name": "呼吸"
		},
		{
			"Id": "ParamCheek",
			"GroupId": "ParamGroup",
			"Name": "脸颊泛红"
		},
		{
			"Id": "Param46",
			"GroupId": "ParamGroup10",
			"Name": "DRESS 1 y"
		},
		{
			"Id": "Param47",
			"GroupId": "ParamGroup10",
			"Name": "DRESS 2 y"
		},
		{
			"Id": "Param58",
			"GroupId": "ParamGroup10",
			"Name": "DRESS 3 X"
		},
		{
			"Id": "Param59",
			"GroupId": "ParamGroup10",
			"Name": "DRESS 4 X"
		},
		{
			"Id": "Param72",
			"GroupId": "ParamGroup10",
			"Name": "DRESS 5 X"
		},
		{
			"Id": "Param60",
			"GroupId": "ParamGroup10",
			"Name": "DRESS 3 X R"
		},
		{
			"Id": "Param61",
			"GroupId": "ParamGroup10",
			"Name": "DRESS 4 X R"
		},
		{
			"Id": "Param75",
			"GroupId": "ParamGroup10",
			"Name": "DRESS 5 X R"
		},
		{
			"Id": "Param44",
			"GroupId": "ParamGroup10",
			"Name": "DRESS 1 X"
		},
		{
			"Id": "Param45",
			"GroupId": "ParamGroup10",
			"Name": "DRESS 2 X"
		},
		{
			"Id": "Param56",
			"GroupId": "ParamGroup10",
			"Name": "DRESS 1 X R"
		},
		{
			"Id": "Param57",
			"GroupId": "ParamGroup10",
			"Name": "DRESS 2 X R"
		},
		{
			"Id": "ParamMouthForm",
			"GroupId": "ParamGroup4",
			"Name": "嘴　变形"
		},
		{
			"Id": "ParamMouthOpenY",
			"GroupId": "ParamGroup4",
			"Name": "嘴　张开和闭合"
		},
		{
			"Id": "ParamMouthX",
			"GroupId": "ParamGroup4",
			"Name": "歪嘴"
		},
		{
			"Id": "ParamBrowRY",
			"GroupId": "ParamGroup3",
			"Name": "左眉  上下"
		},
		{
			"Id": "ParamBrowRX",
			"GroupId": "ParamGroup3",
			"Name": "左眉　左右"
		},
		{
			"Id": "ParamBrowLY",
			"GroupId": "ParamGroup3",
			"Name": "右眉　上下"
		},
		{
			"Id": "ParamBrowLX",
			"GroupId": "ParamGroup3",
			"Name": "右眉　左右"
		},
		{
			"Id": "ParamBrowRAngle",
			"GroupId": "ParamGroup3",
			"Name": "左眉　角度"
		},
		{
			"Id": "ParamBrowRForm",
			"GroupId": "ParamGroup3",
			"Name": "左眉　変形"
		},
		{
			"Id": "ParamBrowLAngle",
			"GroupId": "ParamGroup3",
			"Name": "右眉　角度"
		},
		{
			"Id": "ParamBrowLForm",
			"GroupId": "ParamGroup3",
			"Name": "右眉　変形"
		},
		{
			"Id": "Param81",
			"GroupId": "ParamGroup8",
			"Name": "B DRESS 1 X"
		},
		{
			"Id": "Param82",
			"GroupId": "ParamGroup8",
			"Name": "B DRESS 2 X"
		},
		{
			"Id": "Param83",
			"GroupId": "ParamGroup8",
			"Name": "B DRESS 1 X R"
		},
		{
			"Id": "Param84",
			"GroupId": "ParamGroup8",
			"Name": "B DRESS 2 X R"
		},
		{
			"Id": "Param74",
			"GroupId": "ParamGroup8",
			"Name": "B DRESS 3 X"
		},
		{
			"Id": "Param76",
			"GroupId": "ParamGroup8",
			"Name": "B DRESS 4 X"
		},
		{
			"Id": "Param77",
			"GroupId": "ParamGroup8",
			"Name": "B DRESS 5 X"
		},
		{
			"Id": "Param78",
			"GroupId": "ParamGroup8",
			"Name": "B DRESS 3 X R"
		},
		{
			"Id": "Param79",
			"GroupId": "ParamGroup8",
			"Name": "B DRESS 4 X R"
		},
		{
			"Id": "Param80",
			"GroupId": "ParamGroup8",
			"Name": "B DRESS 5 X R"
		},
		{
			"Id": "Param36",
			"GroupId": "ParamGroup6",
			"Name": "兽耳 1 L"
		},
		{
			"Id": "Param37",
			"GroupId": "ParamGroup6",
			"Name": "兽耳 2 L"
		},
		{
			"Id": "Param66",
			"GroupId": "ParamGroup6",
			"Name": "兽耳 3 L"
		},
		{
			"Id": "Param6",
			"GroupId": "ParamGroup6",
			"Name": "兽耳 1"
		},
		{
			"Id": "Param25",
			"GroupId": "ParamGroup6",
			"Name": "兽耳 2"
		},
		{
			"Id": "Param70",
			"GroupId": "ParamGroup6",
			"Name": "兽耳 3"
		},
		{
			"Id": "Param_Angle_Rotation7",
			"GroupId": "ParamGroup11",
			"Name": "尾巴 2"
		},
		{
			"Id": "Param_Angle_Rotation8",
			"GroupId": "ParamGroup11",
			"Name": "铃铛 1"
		},
		{
			"Id": "Param_Angle_Rotation9",
			"GroupId": "ParamGroup11",
			"Name": "铃铛 2"
		},
		{
			"Id": "Param_Angle_Rotation3",
			"GroupId": "ParamGroup11",
			"Name": "[0]尾巴 2"
		},
		{
			"Id": "Param_Angle_Rotation4",
			"GroupId": "ParamGroup11",
			"Name": "[1]尾巴 2"
		},
		{
			"Id": "Param_Angle_Rotation5",
			"GroupId": "ParamGroup11",
			"Name": "[2]尾巴 2"
		},
		{
			"Id": "Param_Angle_Rotation6",
			"GroupId": "ParamGroup11",
			"Name": "[3]尾巴 2"
		}
	],
	"ParameterGroups": [
		{
			"Id": "ParamGroup7",
			"GroupId": "",
			"Name": "按键"
		},
		{
			"Id": "ParamGroup2",
			"GroupId": "",
			"Name": "眼睛"
		},
		{
			"Id": "ParamGroup",
			"GroupId": "",
			"Name": "九轴"
		},
		{
			"Id": "ParamGroup10",
			"GroupId": "",
			"Name": "dress"
		},
		{
			"Id": "ParamGroup4",
			"GroupId": "",
			"Name": "口"
		},
		{
			"Id": "ParamGroup3",
			"GroupId": "",
			"Name": "眉毛"
		},
		{
			"Id": "ParamGroup8",
			"GroupId": "",
			"Name": "dress B"
		},
		{
			"Id": "ParamGroup6",
			"GroupId": "",
			"Name": "兽耳 WL"
		},
		{
			"Id": "ParamGroup11",
			"GroupId": "",
			"Name": "尾巴 2"
		}
	],
	"Parts": [
		{
			"Id": "Part25",
			"Name": "水印.png"
		},
		{
			"Id": "Part39",
			"Name": "CAT.psd(未找到对应图层)"
		},
		{
			"Id": "Part",
			"Name": "蝴蝶结"
		},
		{
			"Id": "Part2",
			"Name": "绑带"
		},
		{
			"Id": "Part3",
			"Name": "蝴蝶结阴影"
		},
		{
			"Id": "Part4",
			"Name": "耳饰"
		},
		{
			"Id": "Part5",
			"Name": "五官"
		},
		{
			"Id": "Part23",
			"Name": "CAT EAR BU"
		},
		{
			"Id": "Part11",
			"Name": "CAT EAR BU"
		},
		{
			"Id": "Part12",
			"Name": "CAT EAR"
		},
		{
			"Id": "Part13",
			"Name": "尾巴"
		},
		{
			"Id": "Part14",
			"Name": "图层组 1"
		},
		{
			"Id": "EYE",
			"Name": "EYE"
		},
		{
			"Id": "MOUTH",
			"Name": "MOUTH"
		},
		{
			"Id": "Part10",
			"Name": "腮红"
		},
		{
			"Id": "BODY",
			"Name": "BODY"
		},
		{
			"Id": "Part24",
			"Name": "CAT EAR"
		},
		{
			"Id": "Part22",
			"Name": "CAT EAR"
		},
		{
			"Id": "Part21",
			"Name": "CAT EAR"
		},
		{
			"Id": "ArtMesh65_Skinning",
			"Name": "图层5(蒙皮)"
		},
		{
			"Id": "ArtMesh67_Skinning",
			"Name": "图层7(蒙皮)"
		},
		{
			"Id": "ArtMesh68_Skinning",
			"Name": "图层4(蒙皮)"
		},
		{
			"Id": "Part6",
			"Name": "爱心眼"
		},
		{
			"Id": "Part7",
			"Name": "金钱眼"
		},
		{
			"Id": "EYE3",
			"Name": "EYE3"
		},
		{
			"Id": "Part8",
			"Name": "EYE 2"
		},
		{
			"Id": "EYE1",
			"Name": "EYE1"
		},
		{
			"Id": "Part9",
			"Name": "舌头"
		},
		{
			"Id": "Part20",
			"Name": "金钱眼"
		},
		{
			"Id": "Part19",
			"Name": "金钱眼"
		},
		{
			"Id": "Part16",
			"Name": "EYE3"
		},
		{
			"Id": "Part15",
			"Name": "EYE3"
		},
		{
			"Id": "Part18",
			"Name": "EYE1"
		},
		{
			"Id": "Part17",
			"Name": "EYE1"
		}
	],
	"CombinedParameters": [
		[
			"Param36",
			"Param37"
		],
		[
			"Param6",
			"Param25"
		]
	]
}