{
	"Version": 3,
	"Meta": {
		"Duration": 6,
		"Fps": 30.0,
		"Loop": true,
		"AreBeziersRestricted": false,
		"CurveCount": 7,
		"TotalSegmentCount": 586,
		"TotalPointCount": 1749,
		"UserDataCount": 0,
		"TotalUserDataSize": 0
	},
	"Curves": [
		{
			"Target": "Parameter",
			"Id": "Param_Angle_Rotation7",
			"Segments": [
				0,
				27.534,
				1,
				0.011,
				27.459,
				0.022,
				29.515,
				0.033,
				30.457,
				1,
				0.044,
				31.433,
				0.056,
				31.936,
				0.067,
				32.624,
				1,
				0.089,
				34.15,
				0.111,
				35.564,
				0.133,
				37.149,
				1,
				0.144,
				37.855,
				0.156,
				38.852,
				0.167,
				39.43,
				1,
				0.178,
				40.025,
				0.189,
				40.564,
				0.2,
				41.067,
				1,
				0.233,
				42.468,
				0.267,
				44.832,
				0.3,
				45,
				0,
				0.633,
				45,
				1,
				0.644,
				45,
				0.656,
				44.581,
				0.667,
				44.075,
				1,
				0.678,
				43.576,
				0.689,
				43.159,
				0.7,
				42.671,
				1,
				0.711,
				42.192,
				0.722,
				41.511,
				0.733,
				40.912,
				1,
				0.744,
				40.322,
				0.756,
				39.41,
				0.767,
				38.787,
				1,
				0.778,
				38.158,
				0.789,
				37.509,
				0.8,
				36.859,
				1,
				0.811,
				36.218,
				0.822,
				35.35,
				0.833,
				34.592,
				1,
				0.844,
				33.844,
				0.856,
				32.709,
				0.867,
				31.959,
				1,
				0.878,
				31.198,
				0.889,
				30.441,
				0.9,
				29.683,
				1,
				0.922,
				27.987,
				0.944,
				26.278,
				0.967,
				24.094,
				1,
				0.978,
				23.118,
				0.989,
				21.649,
				1,
				20.694,
				1,
				1.011,
				19.724,
				1.022,
				18.765,
				1.033,
				17.825,
				1,
				1.044,
				16.894,
				1.056,
				15.685,
				1.067,
				14.643,
				1,
				1.078,
				13.612,
				1.089,
				12.078,
				1.1,
				11.104,
				1,
				1.133,
				8.37,
				1.167,
				5.161,
				1.2,
				1.546,
				1,
				1.211,
				0.429,
				1.222,
				-1.205,
				1.233,
				-2.238,
				1,
				1.244,
				-3.292,
				1.256,
				-4.295,
				1.267,
				-5.285,
				1,
				1.278,
				-6.267,
				1.289,
				-7.54,
				1.3,
				-8.607,
				1,
				1.311,
				-9.667,
				1.322,
				-11.214,
				1.333,
				-12.168,
				1,
				1.344,
				-13.143,
				1.356,
				-14.06,
				1.367,
				-14.95,
				1,
				1.378,
				-15.835,
				1.389,
				-16.944,
				1.4,
				-17.893,
				1,
				1.433,
				-20.673,
				1.467,
				-25.114,
				1.5,
				-27.012,
				1,
				1.511,
				-27.831,
				1.522,
				-28.869,
				1.533,
				-29.723,
				1,
				1.544,
				-30.578,
				1.556,
				-31.471,
				1.567,
				-32.52,
				1,
				1.578,
				-33.518,
				1.589,
				-36.363,
				1.6,
				-36.716,
				1,
				1.611,
				-37.153,
				1.622,
				-37.516,
				1.633,
				-37.804,
				1,
				1.644,
				-38.092,
				1.656,
				-38.453,
				1.667,
				-38.885,
				1,
				1.678,
				-39.236,
				1.689,
				-42.365,
				1.7,
				-42.581,
				1,
				1.733,
				-43.43,
				1.767,
				-43.872,
				1.8,
				-45,
				0,
				2.1,
				-45,
				1,
				2.122,
				-44.99,
				2.144,
				-44.819,
				2.167,
				-43.893,
				1,
				2.178,
				-43.52,
				2.189,
				-41.216,
				2.2,
				-40.883,
				1,
				2.211,
				-40.49,
				2.222,
				-40.161,
				2.233,
				-39.896,
				1,
				2.244,
				-39.631,
				2.256,
				-39.294,
				2.267,
				-38.887,
				1,
				2.278,
				-38.586,
				2.289,
				-34.736,
				2.3,
				-34.345,
				1,
				2.333,
				-31.793,
				2.367,
				-35.234,
				2.4,
				-26.65,
				1,
				2.422,
				-25.45,
				2.444,
				-25.124,
				2.467,
				-23.904,
				1,
				2.478,
				-23.5,
				2.489,
				-17.724,
				2.5,
				-17.284,
				1,
				2.511,
				-16.686,
				2.522,
				-16.205,
				2.533,
				-15.823,
				1,
				2.544,
				-15.441,
				2.556,
				-14.959,
				2.567,
				-14.36,
				1,
				2.578,
				-13.924,
				2.589,
				-7.972,
				2.6,
				-7.543,
				1,
				2.633,
				-4.342,
				2.667,
				-9.037,
				2.7,
				2.055,
				1,
				2.722,
				3.709,
				2.744,
				4.208,
				2.767,
				5.851,
				1,
				2.778,
				6.474,
				2.789,
				11.573,
				2.8,
				12.13,
				1,
				2.811,
				12.824,
				2.822,
				13.403,
				2.833,
				13.862,
				1,
				2.844,
				14.321,
				2.856,
				14.896,
				2.867,
				15.581,
				1,
				2.878,
				16.15,
				2.889,
				20.643,
				2.9,
				21.127,
				1,
				2.933,
				23.989,
				2.967,
				20.742,
				3,
				29.716,
				1,
				3.022,
				30.823,
				3.044,
				31.132,
				3.067,
				32.221,
				1,
				3.078,
				32.623,
				3.089,
				36.42,
				3.1,
				36.708,
				1,
				3.111,
				37.102,
				3.122,
				37.422,
				3.133,
				37.674,
				1,
				3.144,
				37.927,
				3.156,
				38.245,
				3.167,
				38.634,
				1,
				3.178,
				38.934,
				3.189,
				42.28,
				3.2,
				42.461,
				1,
				3.233,
				43.327,
				3.267,
				43.319,
				3.3,
				45,
				0,
				3.6,
				45,
				1,
				3.622,
				44.992,
				3.644,
				44.885,
				3.667,
				44.155,
				1,
				3.678,
				43.884,
				3.689,
				41.301,
				3.7,
				41.004,
				1,
				3.711,
				40.639,
				3.722,
				40.34,
				3.733,
				40.099,
				1,
				3.744,
				39.859,
				3.756,
				39.553,
				3.767,
				39.177,
				1,
				3.778,
				38.915,
				3.789,
				34.824,
				3.8,
				34.482,
				1,
				3.833,
				31.935,
				3.867,
				35.855,
				3.9,
				26.81,
				1,
				3.922,
				25.388,
				3.944,
				24.953,
				3.967,
				23.52,
				1,
				3.978,
				22.988,
				3.989,
				18.182,
				4,
				17.614,
				1,
				4.011,
				16.92,
				4.022,
				16.339,
				4.033,
				15.877,
				1,
				4.044,
				15.414,
				4.056,
				14.833,
				4.067,
				14.138,
				1,
				4.078,
				13.571,
				4.089,
				8.718,
				4.1,
				8.153,
				1,
				4.133,
				4.717,
				4.167,
				8.981,
				4.2,
				-2.219,
				1,
				4.222,
				-3.679,
				4.244,
				-4.08,
				4.267,
				-5.529,
				1,
				4.278,
				-6.055,
				4.289,
				-11.37,
				4.3,
				-11.832,
				1,
				4.311,
				-12.44,
				4.322,
				-12.932,
				4.333,
				-13.324,
				1,
				4.344,
				-13.716,
				4.356,
				-14.21,
				4.367,
				-14.82,
				1,
				4.378,
				-15.272,
				4.389,
				-21.067,
				4.4,
				-21.455,
				1,
				4.433,
				-24.276,
				4.467,
				-20.43,
				4.5,
				-29.881,
				1,
				4.522,
				-30.862,
				4.544,
				-31.113,
				4.567,
				-32.08,
				1,
				4.578,
				-32.42,
				4.589,
				-36.31,
				4.6,
				-36.68,
				1,
				4.611,
				-37.154,
				4.622,
				-37.553,
				4.633,
				-37.867,
				1,
				4.644,
				-38.181,
				4.656,
				-38.572,
				4.667,
				-39.032,
				1,
				4.678,
				-39.424,
				4.689,
				-42.155,
				4.7,
				-42.408,
				1,
				4.733,
				-43.314,
				4.767,
				-43.87,
				4.8,
				-45,
				0,
				5.1,
				-45,
				1,
				5.122,
				-44.992,
				5.144,
				-44.885,
				5.167,
				-44.151,
				1,
				5.178,
				-43.879,
				5.189,
				-41.294,
				5.2,
				-40.941,
				1,
				5.211,
				-40.522,
				5.222,
				-40.169,
				5.233,
				-39.885,
				1,
				5.244,
				-39.602,
				5.256,
				-39.242,
				5.267,
				-38.813,
				1,
				5.278,
				-38.476,
				5.289,
				-35.073,
				5.3,
				-34.638,
				1,
				5.333,
				-32.151,
				5.367,
				-34.952,
				5.4,
				-27.122,
				1,
				5.422,
				-25.839,
				5.444,
				-25.458,
				5.467,
				-24.149,
				1,
				5.478,
				-23.687,
				5.489,
				-18.467,
				5.5,
				-17.969,
				1,
				5.511,
				-17.331,
				5.522,
				-16.808,
				5.533,
				-16.392,
				1,
				5.544,
				-15.977,
				5.556,
				-15.453,
				5.567,
				-14.813,
				1,
				5.578,
				-14.319,
				5.589,
				-8.916,
				5.6,
				-8.427,
				1,
				5.633,
				-4.975,
				5.667,
				-10.037,
				5.7,
				1.973,
				1,
				5.722,
				3.328,
				5.744,
				3.672,
				5.767,
				5.021,
				1,
				5.778,
				5.486,
				5.789,
				11.198,
				5.8,
				11.806,
				1,
				5.811,
				12.565,
				5.822,
				13.197,
				5.833,
				13.699,
				1,
				5.844,
				14.2,
				5.856,
				14.828,
				5.867,
				15.579,
				1,
				5.878,
				16.2,
				5.889,
				21.164,
				5.9,
				21.69,
				1,
				5.933,
				24.501,
				5.967,
				19.553,
				6,
				27.5
			]
		},
		{
			"Target": "Parameter",
			"Id": "Param_Angle_Rotation8",
			"Segments": [
				0,
				11.227,
				1,
				0.011,
				11.244,
				0.022,
				10.829,
				0.033,
				10.491,
				1,
				0.044,
				10.152,
				0.056,
				9.92,
				0.067,
				9.633,
				1,
				0.089,
				8.989,
				0.111,
				8.333,
				0.133,
				7.547,
				1,
				0.156,
				6.77,
				0.178,
				6.031,
				0.2,
				5.165,
				1,
				0.222,
				4.294,
				0.244,
				3.494,
				0.267,
				2.598,
				1,
				0.289,
				1.698,
				0.311,
				0.877,
				0.333,
				-0.03,
				1,
				0.356,
				-0.937,
				0.378,
				-1.73,
				0.4,
				-2.567,
				1,
				0.422,
				-3.405,
				0.444,
				-4.115,
				0.467,
				-4.851,
				1,
				0.5,
				-5.912,
				0.533,
				-6.854,
				0.567,
				-7.665,
				1,
				0.611,
				-8.73,
				0.656,
				-9.668,
				0.7,
				-10.413,
				1,
				0.744,
				-11.15,
				0.789,
				-11.958,
				0.833,
				-12.674,
				1,
				0.878,
				-13.444,
				0.922,
				-14.157,
				0.967,
				-14.683,
				1,
				0.989,
				-14.986,
				1.011,
				-15.239,
				1.033,
				-15.473,
				1,
				1.067,
				-15.777,
				1.1,
				-16.098,
				1.133,
				-16.147,
				1,
				1.156,
				-16.148,
				1.178,
				-16.157,
				1.2,
				-15.998,
				1,
				1.233,
				-15.84,
				1.267,
				-15.505,
				1.3,
				-14.997,
				1,
				1.322,
				-14.663,
				1.344,
				-14.312,
				1.367,
				-13.817,
				1,
				1.4,
				-13.103,
				1.433,
				-12.156,
				1.467,
				-11.258,
				1,
				1.489,
				-10.617,
				1.511,
				-10.012,
				1.533,
				-9.331,
				1,
				1.567,
				-9.746,
				1.6,
				-4.705,
				1.633,
				-5.803,
				1,
				1.667,
				-7.026,
				1.7,
				-1.525,
				1.733,
				-2.788,
				1,
				1.767,
				-3.972,
				1.8,
				1.309,
				1.833,
				0.119,
				1,
				1.844,
				0.246,
				1.856,
				0.407,
				1.867,
				0.607,
				1,
				1.878,
				0.762,
				1.889,
				2.417,
				1.9,
				2.574,
				1,
				1.933,
				3.565,
				1.967,
				2.32,
				2,
				5.549,
				1,
				2.033,
				6.54,
				2.067,
				5.32,
				2.1,
				8.521,
				1,
				2.133,
				9.457,
				2.167,
				8.375,
				2.2,
				11.319,
				1,
				2.222,
				11.694,
				2.244,
				11.787,
				2.267,
				12.158,
				1,
				2.3,
				14.74,
				2.333,
				13.666,
				2.367,
				14.405,
				1,
				2.4,
				16.293,
				2.433,
				15.416,
				2.467,
				15.893,
				1,
				2.5,
				16.608,
				2.533,
				16.302,
				2.567,
				16.393,
				1,
				2.578,
				16.397,
				2.589,
				16.296,
				2.6,
				16.253,
				1,
				2.611,
				16.208,
				2.622,
				16.173,
				2.633,
				16.143,
				1,
				2.667,
				16.791,
				2.7,
				14.511,
				2.733,
				14.977,
				1,
				2.767,
				15.76,
				2.8,
				12.592,
				2.833,
				13.275,
				1,
				2.867,
				14.29,
				2.9,
				10.193,
				2.933,
				11.055,
				1,
				2.944,
				10.945,
				2.956,
				10.806,
				2.967,
				10.633,
				1,
				2.978,
				10.5,
				2.989,
				9.056,
				3,
				8.911,
				1,
				3.033,
				8.003,
				3.067,
				9.157,
				3.1,
				6.182,
				1,
				3.133,
				5.215,
				3.167,
				6.436,
				3.2,
				3.273,
				1,
				3.233,
				2.317,
				3.267,
				3.493,
				3.3,
				0.409,
				1,
				3.322,
				0.003,
				3.344,
				-0.099,
				3.367,
				-0.503,
				1,
				3.4,
				-3.397,
				3.433,
				-2.277,
				3.467,
				-3.165,
				1,
				3.5,
				-6.086,
				3.533,
				-4.989,
				3.567,
				-5.906,
				1,
				3.6,
				-9.097,
				3.633,
				-7.893,
				3.667,
				-8.888,
				1,
				3.7,
				-12.221,
				3.733,
				-10.893,
				3.767,
				-11.888,
				1,
				3.8,
				-14.811,
				3.833,
				-13.603,
				3.867,
				-14.443,
				1,
				3.9,
				-16.504,
				3.933,
				-15.62,
				3.967,
				-16.184,
				1,
				4,
				-17.233,
				4.033,
				-16.896,
				4.067,
				-17.005,
				1,
				4.078,
				-17.008,
				4.089,
				-16.919,
				4.1,
				-16.864,
				1,
				4.111,
				-16.809,
				4.122,
				-16.762,
				4.133,
				-16.723,
				1,
				4.167,
				-17.34,
				4.2,
				-15.007,
				4.233,
				-15.432,
				1,
				4.244,
				-15.358,
				4.256,
				-15.262,
				4.267,
				-15.141,
				1,
				4.278,
				-15.053,
				4.289,
				-13.912,
				4.3,
				-13.772,
				1,
				4.333,
				-12.896,
				4.367,
				-14.089,
				4.4,
				-11.112,
				1,
				4.422,
				-10.703,
				4.444,
				-10.598,
				4.467,
				-10.189,
				1,
				4.5,
				-7.24,
				4.533,
				-8.392,
				4.567,
				-7.494,
				1,
				4.6,
				-4.593,
				4.633,
				-5.749,
				4.667,
				-4.881,
				1,
				4.7,
				-2.212,
				4.733,
				-3.251,
				4.767,
				-2.439,
				1,
				4.778,
				-2.31,
				4.789,
				-1.004,
				4.8,
				-0.875,
				1,
				4.811,
				-0.711,
				4.822,
				-0.579,
				4.833,
				-0.475,
				1,
				4.867,
				-1.575,
				4.9,
				3.104,
				4.933,
				2.103,
				1,
				4.967,
				0.737,
				5,
				6.443,
				5.033,
				5.204,
				1,
				5.067,
				3.705,
				5.1,
				10.143,
				5.133,
				8.681,
				1,
				5.144,
				8.834,
				5.156,
				9.027,
				5.167,
				9.264,
				1,
				5.178,
				9.451,
				5.189,
				11.311,
				5.2,
				11.471,
				1,
				5.233,
				12.412,
				5.267,
				11.453,
				5.3,
				14.265,
				1,
				5.333,
				14.856,
				5.367,
				14.456,
				5.4,
				15.979,
				1,
				5.433,
				16.154,
				5.467,
				16.163,
				5.5,
				16.48,
				1,
				5.533,
				16.399,
				5.567,
				16.673,
				5.6,
				16.065,
				1,
				5.633,
				15.674,
				5.667,
				16.291,
				5.7,
				14.834,
				1,
				5.733,
				14.312,
				5.767,
				15.039,
				5.8,
				13.254,
				1,
				5.833,
				12.747,
				5.867,
				13.38,
				5.9,
				11.738,
				1,
				5.933,
				11.159,
				5.967,
				12.05,
				6,
				9.987
			]
		},
		{
			"Target": "Parameter",
			"Id": "Param_Angle_Rotation9",
			"Segments": [
				0,
				12.272,
				1,
				0.011,
				12.281,
				0.022,
				12.076,
				0.033,
				11.903,
				1,
				0.044,
				11.73,
				0.056,
				11.614,
				0.067,
				11.463,
				1,
				0.089,
				11.127,
				0.111,
				10.773,
				0.133,
				10.292,
				1,
				0.156,
				9.807,
				0.178,
				9.302,
				0.2,
				8.647,
				1,
				0.233,
				7.698,
				0.267,
				6.545,
				0.3,
				5.238,
				1,
				0.322,
				4.332,
				0.344,
				3.461,
				0.367,
				2.446,
				1,
				0.4,
				0.974,
				0.433,
				-0.586,
				0.467,
				-2.115,
				1,
				0.489,
				-3.17,
				0.511,
				-4.099,
				0.533,
				-5.085,
				1,
				0.567,
				-6.513,
				0.6,
				-7.814,
				0.633,
				-8.922,
				1,
				0.656,
				-9.687,
				0.678,
				-10.29,
				0.7,
				-10.878,
				1,
				0.722,
				-11.461,
				0.744,
				-11.9,
				0.767,
				-12.318,
				1,
				0.822,
				-13.33,
				0.878,
				-13.85,
				0.933,
				-14.323,
				1,
				0.989,
				-14.775,
				1.044,
				-15.157,
				1.1,
				-15.57,
				1,
				1.156,
				-15.984,
				1.211,
				-16.337,
				1.267,
				-16.374,
				1,
				1.289,
				-16.385,
				1.311,
				-16.322,
				1.333,
				-16.201,
				1,
				1.367,
				-16.012,
				1.4,
				-15.64,
				1.433,
				-15.058,
				1,
				1.456,
				-14.651,
				1.478,
				-14.21,
				1.5,
				-13.629,
				1,
				1.533,
				-12.397,
				1.567,
				-12.732,
				1.6,
				-9.446,
				1,
				1.622,
				-8.909,
				1.644,
				-8.762,
				1.667,
				-8.22,
				1,
				1.7,
				-4.107,
				1.733,
				-5.685,
				1.767,
				-4.419,
				1,
				1.8,
				-0.395,
				1.833,
				-1.99,
				1.867,
				-0.782,
				1,
				1.9,
				2.834,
				1.933,
				1.386,
				1.967,
				2.463,
				1,
				1.978,
				2.63,
				1.989,
				4.274,
				2,
				4.421,
				1,
				2.011,
				4.613,
				2.022,
				4.767,
				2.033,
				4.889,
				1,
				2.067,
				3.775,
				2.1,
				8.759,
				2.133,
				7.617,
				1,
				2.144,
				7.734,
				2.156,
				7.881,
				2.167,
				8.064,
				1,
				2.178,
				8.207,
				2.189,
				9.699,
				2.2,
				9.839,
				1,
				2.233,
				10.71,
				2.267,
				9.644,
				2.3,
				12.449,
				1,
				2.322,
				12.822,
				2.344,
				12.915,
				2.367,
				13.285,
				1,
				2.4,
				15.86,
				2.433,
				14.807,
				2.467,
				15.555,
				1,
				2.5,
				17.5,
				2.533,
				16.641,
				2.567,
				17.157,
				1,
				2.6,
				18.048,
				2.633,
				17.645,
				2.667,
				17.764,
				1,
				2.678,
				17.77,
				2.689,
				17.584,
				2.7,
				17.523,
				1,
				2.711,
				17.458,
				2.722,
				17.408,
				2.733,
				17.367,
				1,
				2.767,
				18.118,
				2.8,
				15.378,
				2.833,
				15.889,
				1,
				2.867,
				16.951,
				2.9,
				12.663,
				2.933,
				13.563,
				1,
				2.967,
				14.814,
				3,
				9.54,
				3.033,
				10.702,
				1,
				3.044,
				10.569,
				3.056,
				10.402,
				3.067,
				10.196,
				1,
				3.078,
				10.037,
				3.089,
				8.294,
				3.1,
				8.128,
				1,
				3.133,
				7.085,
				3.167,
				8.385,
				3.2,
				4.998,
				1,
				3.233,
				3.977,
				3.267,
				5.227,
				3.3,
				1.937,
				1,
				3.333,
				0.965,
				3.367,
				2.136,
				3.4,
				-0.973,
				1,
				3.422,
				-1.385,
				3.444,
				-1.49,
				3.467,
				-1.9,
				1,
				3.5,
				-4.829,
				3.533,
				-3.684,
				3.567,
				-4.574,
				1,
				3.6,
				-7.411,
				3.633,
				-6.327,
				3.667,
				-7.206,
				1,
				3.7,
				-10.156,
				3.733,
				-9.045,
				3.767,
				-9.967,
				1,
				3.8,
				-13.076,
				3.833,
				-11.883,
				3.867,
				-12.839,
				1,
				3.9,
				-15.85,
				3.933,
				-14.636,
				3.967,
				-15.523,
				1,
				4,
				-17.953,
				4.033,
				-16.902,
				4.067,
				-17.566,
				1,
				4.1,
				-18.847,
				4.133,
				-18.377,
				4.167,
				-18.523,
				1,
				4.189,
				-18.489,
				4.211,
				-18.301,
				4.233,
				-18.24,
				1,
				4.267,
				-19.071,
				4.3,
				-16.111,
				4.333,
				-16.635,
				1,
				4.344,
				-16.537,
				4.356,
				-16.411,
				4.367,
				-16.255,
				1,
				4.378,
				-16.143,
				4.389,
				-14.576,
				4.4,
				-14.402,
				1,
				4.433,
				-13.285,
				4.467,
				-14.812,
				4.5,
				-11.024,
				1,
				4.522,
				-10.498,
				4.544,
				-10.356,
				4.567,
				-9.829,
				1,
				4.6,
				-5.959,
				4.633,
				-7.481,
				4.667,
				-6.314,
				1,
				4.7,
				-2.808,
				4.733,
				-4.228,
				4.767,
				-3.196,
				1,
				4.8,
				-0.277,
				4.833,
				-1.471,
				4.867,
				-0.617,
				1,
				4.878,
				-0.486,
				4.889,
				0.755,
				4.9,
				0.868,
				1,
				4.911,
				1.015,
				4.922,
				1.131,
				4.933,
				1.224,
				1,
				4.967,
				0.311,
				5,
				4.283,
				5.033,
				3.416,
				1,
				5.067,
				2.278,
				5.1,
				7.013,
				5.133,
				6.011,
				1,
				5.167,
				4.608,
				5.2,
				10.473,
				5.233,
				9.197,
				1,
				5.244,
				9.347,
				5.256,
				9.536,
				5.267,
				9.77,
				1,
				5.278,
				9.949,
				5.289,
				11.941,
				5.3,
				12.123,
				1,
				5.333,
				13.227,
				5.367,
				11.979,
				5.4,
				15.422,
				1,
				5.433,
				16.214,
				5.467,
				15.541,
				5.5,
				17.751,
				1,
				5.533,
				18.042,
				5.567,
				18.077,
				5.6,
				18.59,
				1,
				5.633,
				18.428,
				5.667,
				18.984,
				5.7,
				17.86,
				1,
				5.733,
				17.231,
				5.767,
				18.257,
				5.8,
				15.91,
				1,
				5.833,
				15.071,
				5.867,
				16.182,
				5.9,
				13.373,
				1,
				5.922,
				12.992,
				5.944,
				12.895,
				5.967,
				12.515,
				1,
				5.978,
				12.377,
				5.989,
				11,
				6,
				10.877
			]
		},
		{
			"Target": "Parameter",
			"Id": "Param_Angle_Rotation3",
			"Segments": [
				0,
				24.752,
				1,
				0.033,
				27.969,
				0.067,
				29.046,
				0.1,
				31.342,
				1,
				0.111,
				31.972,
				0.122,
				32.759,
				0.133,
				33.395,
				1,
				0.144,
				34.029,
				0.156,
				34.927,
				0.167,
				35.447,
				1,
				0.178,
				35.982,
				0.189,
				36.466,
				0.2,
				36.918,
				1,
				0.211,
				37.37,
				0.222,
				37.923,
				0.233,
				38.361,
				1,
				0.267,
				40.133,
				0.3,
				40.548,
				0.333,
				41.481,
				1,
				0.344,
				41.723,
				0.356,
				42.011,
				0.367,
				42.212,
				1,
				0.378,
				42.415,
				0.389,
				42.697,
				0.4,
				42.804,
				1,
				0.422,
				42.998,
				0.444,
				43.196,
				0.467,
				43.183,
				1,
				0.489,
				43.212,
				0.511,
				43.065,
				0.533,
				42.782,
				1,
				0.567,
				42.403,
				0.6,
				41.758,
				0.633,
				40.619,
				1,
				0.667,
				39.736,
				0.7,
				38.538,
				0.733,
				36.778,
				1,
				0.767,
				34.619,
				0.8,
				33.448,
				0.833,
				31.097,
				1,
				0.844,
				30.424,
				0.856,
				29.404,
				0.867,
				28.73,
				1,
				0.878,
				28.046,
				0.889,
				27.366,
				0.9,
				26.684,
				1,
				0.933,
				24.48,
				0.967,
				21.869,
				1,
				18.604,
				1,
				1.033,
				16.15,
				1.067,
				13.339,
				1.1,
				9.982,
				1,
				1.133,
				7.523,
				1.167,
				4.641,
				1.2,
				1.39,
				1,
				1.211,
				0.386,
				1.222,
				-1.083,
				1.233,
				-2.012,
				1,
				1.244,
				-2.959,
				1.256,
				-3.861,
				1.267,
				-4.751,
				1,
				1.3,
				-7.326,
				1.333,
				-11.594,
				1.367,
				-13.439,
				1,
				1.4,
				-15.964,
				1.433,
				-18.881,
				1.467,
				-21.955,
				1,
				1.5,
				-24.218,
				1.533,
				-26.691,
				1.567,
				-29.235,
				1,
				1.6,
				-35.333,
				1.633,
				-33.06,
				1.667,
				-34.957,
				1,
				1.7,
				-40.481,
				1.733,
				-38.083,
				1.767,
				-39.609,
				1,
				1.8,
				-43.055,
				1.833,
				-41.458,
				1.867,
				-42.348,
				1,
				1.9,
				-43.993,
				1.933,
				-43.125,
				1.967,
				-43.376,
				1,
				1.978,
				-43.387,
				1.989,
				-43.072,
				2,
				-42.96,
				1,
				2.011,
				-42.843,
				2.022,
				-42.749,
				2.033,
				-42.672,
				1,
				2.067,
				-43.849,
				2.1,
				-39.397,
				2.133,
				-40.096,
				1,
				2.167,
				-41.789,
				2.2,
				-34.548,
				2.233,
				-35.866,
				1,
				2.267,
				-38.602,
				2.3,
				-27.328,
				2.333,
				-29.777,
				1,
				2.344,
				-29.486,
				2.356,
				-29.119,
				2.367,
				-28.671,
				1,
				2.378,
				-28.332,
				2.389,
				-24.349,
				2.4,
				-23.958,
				1,
				2.433,
				-21.171,
				2.467,
				-25.409,
				2.5,
				-15.538,
				1,
				2.533,
				-12.622,
				2.567,
				-16.919,
				2.6,
				-6.781,
				1,
				2.633,
				-3.903,
				2.667,
				-8.125,
				2.7,
				1.848,
				1,
				2.722,
				3.333,
				2.744,
				3.785,
				2.767,
				5.26,
				1,
				2.8,
				14.306,
				2.833,
				11.109,
				2.867,
				14.007,
				1,
				2.9,
				22.019,
				2.933,
				19.134,
				2.967,
				21.699,
				1,
				3,
				29.946,
				3.033,
				26.561,
				3.067,
				28.965,
				1,
				3.1,
				35.634,
				3.133,
				32.818,
				3.167,
				34.731,
				1,
				3.2,
				40.532,
				3.233,
				37.836,
				3.267,
				39.363,
				1,
				3.3,
				42.977,
				3.333,
				41.47,
				3.367,
				42.456,
				1,
				3.4,
				43.914,
				3.433,
				43.314,
				3.467,
				43.495,
				1,
				3.478,
				43.506,
				3.489,
				43.198,
				3.5,
				43.095,
				1,
				3.511,
				42.987,
				3.522,
				42.901,
				3.533,
				42.832,
				1,
				3.567,
				44.135,
				3.6,
				39.415,
				3.633,
				40.278,
				1,
				3.667,
				42.241,
				3.7,
				34.429,
				3.733,
				36.047,
				1,
				3.767,
				39.118,
				3.8,
				27.183,
				3.833,
				29.999,
				1,
				3.844,
				29.737,
				3.856,
				29.405,
				3.867,
				28.994,
				1,
				3.878,
				28.699,
				3.889,
				24.584,
				3.9,
				24.102,
				1,
				3.933,
				21.357,
				3.967,
				24.331,
				4,
				15.834,
				1,
				4.033,
				13.001,
				4.067,
				15.891,
				4.1,
				7.33,
				1,
				4.133,
				4.24,
				4.167,
				8.074,
				4.2,
				-1.995,
				1,
				4.222,
				-3.305,
				4.244,
				-3.669,
				4.267,
				-4.97,
				1,
				4.3,
				-14.243,
				4.333,
				-10.534,
				4.367,
				-13.323,
				1,
				4.4,
				-23.252,
				4.433,
				-18.909,
				4.467,
				-21.686,
				1,
				4.5,
				-30.345,
				4.533,
				-26.468,
				4.567,
				-28.839,
				1,
				4.6,
				-35.524,
				4.633,
				-33.034,
				4.667,
				-35.088,
				1,
				4.7,
				-40.036,
				4.733,
				-38.1,
				4.767,
				-39.579,
				1,
				4.8,
				-43.345,
				4.833,
				-41.617,
				4.867,
				-42.583,
				1,
				4.9,
				-44.072,
				4.933,
				-43.293,
				4.967,
				-43.518,
				1,
				4.978,
				-43.531,
				4.989,
				-43.14,
				5,
				-43.041,
				1,
				5.011,
				-42.934,
				5.022,
				-42.852,
				5.033,
				-42.785,
				1,
				5.067,
				-44.213,
				5.1,
				-39.174,
				5.133,
				-40.219,
				1,
				5.167,
				-42.298,
				5.2,
				-34.407,
				5.233,
				-35.856,
				1,
				5.267,
				-38.075,
				5.3,
				-28.064,
				5.333,
				-29.957,
				1,
				5.344,
				-29.641,
				5.356,
				-29.241,
				5.367,
				-28.765,
				1,
				5.378,
				-28.385,
				5.389,
				-24.82,
				5.4,
				-24.382,
				1,
				5.433,
				-21.665,
				5.467,
				-25.212,
				5.5,
				-16.153,
				1,
				5.533,
				-13.297,
				5.567,
				-16.919,
				5.6,
				-7.575,
				1,
				5.633,
				-4.471,
				5.667,
				-9.023,
				5.7,
				1.774,
				1,
				5.722,
				2.991,
				5.744,
				3.303,
				5.767,
				4.514,
				1,
				5.8,
				14.274,
				5.833,
				10.858,
				5.867,
				14.005,
				1,
				5.9,
				22.835,
				5.933,
				19.656,
				5.967,
				22.445,
				0,
				6,
				22.445
			]
		},
		{
			"Target": "Parameter",
			"Id": "Param_Angle_Rotation4",
			"Segments": [
				0,
				-3.467,
				1,
				0.033,
				-3.705,
				0.067,
				-2.18,
				0.1,
				-1.966,
				1,
				0.133,
				-1.37,
				0.167,
				-1.723,
				0.2,
				-0.799,
				1,
				0.233,
				-0.177,
				0.267,
				-0.291,
				0.3,
				0.521,
				1,
				0.322,
				0.863,
				0.344,
				1.085,
				0.367,
				1.29,
				1,
				0.378,
				1.383,
				0.389,
				1.461,
				0.4,
				1.558,
				1,
				0.411,
				1.652,
				0.422,
				1.822,
				0.433,
				1.926,
				1,
				0.467,
				2.258,
				0.5,
				2.511,
				0.533,
				2.859,
				1,
				0.567,
				3.141,
				0.6,
				3.387,
				0.633,
				3.79,
				1,
				0.667,
				3.967,
				0.7,
				4.167,
				0.733,
				4.594,
				1,
				0.744,
				4.716,
				0.756,
				5.002,
				0.767,
				5.057,
				1,
				0.778,
				5.121,
				0.789,
				5.134,
				0.8,
				5.186,
				1,
				0.811,
				5.236,
				0.822,
				5.306,
				0.833,
				5.414,
				1,
				0.844,
				5.517,
				0.856,
				5.77,
				0.867,
				5.761,
				1,
				0.878,
				5.764,
				0.889,
				5.667,
				0.9,
				5.67,
				1,
				0.933,
				5.645,
				0.967,
				5.793,
				1,
				6.288,
				1,
				1.011,
				6.293,
				1.022,
				6.146,
				1.033,
				6.129,
				1,
				1.044,
				6.108,
				1.056,
				6.111,
				1.067,
				6.111,
				1,
				1.078,
				6.106,
				1.089,
				6.276,
				1.1,
				6.271,
				1,
				1.133,
				5.746,
				1.167,
				5.511,
				1.2,
				5.551,
				1,
				1.211,
				5.546,
				1.222,
				5.703,
				1.233,
				5.698,
				1,
				1.267,
				5.121,
				1.3,
				4.914,
				1.333,
				4.958,
				1,
				1.367,
				4.255,
				1.4,
				3.742,
				1.433,
				3.704,
				0,
				1.467,
				3.715,
				1,
				1.5,
				3.093,
				1.533,
				2.801,
				1.567,
				2.708,
				1,
				1.578,
				2.647,
				1.589,
				1.667,
				1.6,
				1.634,
				1,
				1.611,
				1.573,
				1.622,
				1.529,
				1.633,
				1.494,
				1,
				1.644,
				1.46,
				1.656,
				1.417,
				1.667,
				1.358,
				1,
				1.678,
				1.315,
				1.689,
				0.767,
				1.7,
				0.701,
				1,
				1.733,
				0.293,
				1.767,
				0.847,
				1.8,
				-0.538,
				1,
				1.822,
				-0.738,
				1.844,
				-0.788,
				1.867,
				-0.985,
				1,
				1.878,
				-1.061,
				1.889,
				-1.646,
				1.9,
				-1.717,
				1,
				1.911,
				-1.804,
				1.922,
				-1.873,
				1.933,
				-1.928,
				1,
				1.967,
				-1.48,
				2,
				-3.578,
				2.033,
				-3.131,
				1,
				2.044,
				-3.186,
				2.056,
				-3.255,
				2.067,
				-3.341,
				1,
				2.078,
				-3.413,
				2.089,
				-3.942,
				2.1,
				-4.012,
				1,
				2.122,
				-4.193,
				2.144,
				-4.254,
				2.167,
				-4.422,
				1,
				2.2,
				-5.046,
				2.233,
				-4.902,
				2.267,
				-5.149,
				1,
				2.278,
				-5.202,
				2.289,
				-5.633,
				2.3,
				-5.65,
				1,
				2.311,
				-5.68,
				2.322,
				-5.704,
				2.333,
				-5.721,
				1,
				2.356,
				-5.746,
				2.378,
				-5.832,
				2.4,
				-5.854,
				1,
				2.422,
				-5.853,
				2.444,
				-5.797,
				2.467,
				-5.796,
				1,
				2.478,
				-5.783,
				2.489,
				-6.237,
				2.5,
				-6.224,
				1,
				2.522,
				-6.22,
				2.544,
				-5.975,
				2.567,
				-5.971,
				0,
				2.6,
				-5.997,
				1,
				2.633,
				-6.124,
				2.667,
				-5.364,
				2.7,
				-5.215,
				1,
				2.722,
				-5.218,
				2.744,
				-5.379,
				2.767,
				-5.382,
				1,
				2.8,
				-4.133,
				2.833,
				-4.867,
				2.867,
				-4.61,
				1,
				2.878,
				-4.624,
				2.889,
				-3.579,
				2.9,
				-3.559,
				1,
				2.911,
				-3.51,
				2.922,
				-3.474,
				2.933,
				-3.447,
				1,
				2.944,
				-3.42,
				2.956,
				-3.385,
				2.967,
				-3.338,
				1,
				2.978,
				-3.304,
				2.989,
				-2.839,
				3,
				-2.779,
				1,
				3.022,
				-2.624,
				3.044,
				-2.587,
				3.067,
				-2.426,
				1,
				3.078,
				-2.37,
				3.089,
				-1.717,
				3.1,
				-1.644,
				1,
				3.111,
				-1.554,
				3.122,
				-1.479,
				3.133,
				-1.42,
				1,
				3.144,
				-1.362,
				3.156,
				-1.29,
				3.167,
				-1.207,
				1,
				3.178,
				-1.131,
				3.189,
				-0.825,
				3.2,
				-0.743,
				1,
				3.222,
				-0.548,
				3.244,
				-0.471,
				3.267,
				-0.265,
				1,
				3.278,
				-0.183,
				3.289,
				0.345,
				3.3,
				0.385,
				1,
				3.311,
				0.44,
				3.322,
				0.48,
				3.333,
				0.512,
				1,
				3.344,
				0.544,
				3.356,
				0.585,
				3.367,
				0.641,
				1,
				3.378,
				0.676,
				3.389,
				1.407,
				3.4,
				1.47,
				1,
				3.422,
				1.648,
				3.444,
				1.685,
				3.467,
				1.864,
				1,
				3.478,
				1.927,
				3.489,
				2.658,
				3.5,
				2.73,
				1,
				3.511,
				2.821,
				3.522,
				2.893,
				3.533,
				2.95,
				1,
				3.544,
				3.007,
				3.556,
				3.078,
				3.567,
				3.169,
				1,
				3.578,
				3.241,
				3.589,
				3.932,
				3.6,
				3.99,
				1,
				3.622,
				4.157,
				3.644,
				4.194,
				3.667,
				4.355,
				1,
				3.678,
				4.417,
				3.689,
				4.906,
				3.7,
				4.936,
				1,
				3.711,
				4.98,
				3.722,
				5.011,
				3.733,
				5.036,
				1,
				3.744,
				5.061,
				3.756,
				5.093,
				3.767,
				5.139,
				1,
				3.778,
				5.167,
				3.789,
				5.829,
				3.8,
				5.809,
				0,
				3.867,
				5.784,
				1,
				3.9,
				5.974,
				3.933,
				6.493,
				3.967,
				6.402,
				1,
				3.978,
				6.409,
				3.989,
				6.179,
				4,
				6.186,
				1,
				4.022,
				6.188,
				4.044,
				6.322,
				4.067,
				6.324,
				1,
				4.078,
				6.346,
				4.089,
				5.61,
				4.1,
				5.621,
				1,
				4.111,
				5.611,
				4.122,
				5.605,
				4.133,
				5.6,
				1,
				4.144,
				5.595,
				4.156,
				5.589,
				4.167,
				5.579,
				1,
				4.178,
				5.576,
				4.189,
				5.381,
				4.2,
				5.339,
				1,
				4.222,
				5.238,
				4.244,
				5.206,
				4.267,
				5.09,
				1,
				4.3,
				3.985,
				4.333,
				4.262,
				4.367,
				3.96,
				1,
				4.389,
				3.894,
				4.411,
				3.795,
				4.433,
				3.617,
				1,
				4.467,
				3.481,
				4.5,
				2.863,
				4.533,
				2.697,
				1,
				4.544,
				2.614,
				4.556,
				2.506,
				4.567,
				2.395,
				1,
				4.578,
				2.295,
				4.589,
				1.755,
				4.6,
				1.748,
				1,
				4.633,
				1.424,
				4.667,
				2.321,
				4.7,
				0.774,
				1,
				4.722,
				0.645,
				4.744,
				0.626,
				4.767,
				0.498,
				1,
				4.8,
				-0.634,
				4.833,
				-0.257,
				4.867,
				-0.643,
				1,
				4.878,
				-0.711,
				4.889,
				-1.494,
				4.9,
				-1.574,
				1,
				4.911,
				-1.675,
				4.922,
				-1.754,
				4.933,
				-1.817,
				1,
				4.967,
				-1.245,
				5,
				-3.83,
				5.033,
				-3.193,
				1,
				5.044,
				-3.244,
				5.056,
				-3.308,
				5.067,
				-3.392,
				1,
				5.078,
				-3.456,
				5.089,
				-4.185,
				5.1,
				-4.215,
				1,
				5.133,
				-4.484,
				5.167,
				-4.07,
				5.2,
				-5.013,
				1,
				5.222,
				-5.186,
				5.244,
				-5.277,
				5.267,
				-5.412,
				1,
				5.3,
				-5.552,
				5.333,
				-5.897,
				5.367,
				-5.873,
				1,
				5.378,
				-5.879,
				5.389,
				-5.669,
				5.4,
				-5.675,
				1,
				5.433,
				-5.639,
				5.467,
				-5.846,
				5.5,
				-5.911,
				1,
				5.522,
				-5.911,
				5.544,
				-5.908,
				5.567,
				-5.867,
				1,
				5.6,
				-5.576,
				5.633,
				-5.33,
				5.667,
				-5.349,
				1,
				5.678,
				-5.343,
				5.689,
				-5.547,
				5.7,
				-5.541,
				1,
				5.733,
				-5.648,
				5.767,
				-5.016,
				5.8,
				-4.875,
				1,
				5.822,
				-4.878,
				5.844,
				-5.04,
				5.867,
				-5.043,
				1,
				5.878,
				-5.066,
				5.889,
				-4.313,
				5.9,
				-4.303,
				1,
				5.911,
				-4.272,
				5.922,
				-4.251,
				5.933,
				-4.235,
				1,
				5.944,
				-4.219,
				5.956,
				-4.198,
				5.967,
				-4.167,
				1,
				5.978,
				-4.17,
				5.989,
				-3.002,
				6,
				-2.956
			]
		},
		{
			"Target": "Parameter",
			"Id": "Param_Angle_Rotation5",
			"Segments": [
				0,
				-16.383,
				1,
				0.011,
				-16.408,
				0.022,
				-15.801,
				0.033,
				-15.309,
				1,
				0.044,
				-14.815,
				0.056,
				-14.475,
				0.067,
				-14.056,
				1,
				0.089,
				-13.116,
				0.111,
				-12.16,
				0.133,
				-11.013,
				1,
				0.156,
				-9.879,
				0.178,
				-8.801,
				0.2,
				-7.537,
				1,
				0.222,
				-6.265,
				0.244,
				-5.098,
				0.267,
				-3.792,
				1,
				0.289,
				-2.478,
				0.311,
				-1.279,
				0.333,
				0.044,
				1,
				0.356,
				1.368,
				0.378,
				2.524,
				0.4,
				3.746,
				1,
				0.422,
				4.967,
				0.444,
				6.004,
				0.467,
				7.079,
				1,
				0.5,
				8.63,
				0.533,
				9.999,
				0.567,
				11.186,
				1,
				0.589,
				12,
				0.611,
				12.671,
				0.633,
				13.367,
				1,
				0.656,
				14.055,
				0.678,
				14.613,
				0.7,
				15.195,
				1,
				0.722,
				15.768,
				0.744,
				16.277,
				0.767,
				16.858,
				1,
				0.789,
				17.432,
				0.811,
				17.935,
				0.833,
				18.494,
				1,
				0.856,
				19.073,
				0.878,
				19.585,
				0.9,
				20.098,
				1,
				0.922,
				20.607,
				0.944,
				21.006,
				0.967,
				21.426,
				1,
				0.989,
				21.868,
				1.011,
				22.237,
				1.033,
				22.578,
				1,
				1.067,
				23.023,
				1.1,
				23.49,
				1.133,
				23.563,
				1,
				1.156,
				23.566,
				1.178,
				23.575,
				1.2,
				23.345,
				1,
				1.233,
				23.114,
				1.267,
				22.623,
				1.3,
				21.884,
				1,
				1.322,
				21.397,
				1.344,
				20.884,
				1.367,
				20.162,
				1,
				1.4,
				19.12,
				1.433,
				17.738,
				1.467,
				16.429,
				1,
				1.489,
				15.494,
				1.511,
				14.61,
				1.533,
				13.616,
				1,
				1.567,
				14.219,
				1.6,
				6.869,
				1.633,
				8.468,
				1,
				1.667,
				10.25,
				1.7,
				2.226,
				1.733,
				4.067,
				1,
				1.767,
				5.796,
				1.8,
				-1.911,
				1.833,
				-0.173,
				1,
				1.844,
				-0.36,
				1.856,
				-0.596,
				1.867,
				-0.885,
				1,
				1.878,
				-1.108,
				1.889,
				-3.529,
				1.9,
				-3.756,
				1,
				1.933,
				-5.203,
				1.967,
				-3.385,
				2,
				-8.097,
				1,
				2.033,
				-9.543,
				2.067,
				-7.763,
				2.1,
				-12.434,
				1,
				2.133,
				-13.799,
				2.167,
				-12.223,
				2.2,
				-16.516,
				1,
				2.222,
				-17.059,
				2.244,
				-17.204,
				2.267,
				-17.741,
				1,
				2.3,
				-21.512,
				2.333,
				-19.94,
				2.367,
				-21.02,
				1,
				2.4,
				-23.779,
				2.433,
				-22.493,
				2.467,
				-23.191,
				1,
				2.5,
				-24.236,
				2.533,
				-23.787,
				2.567,
				-23.921,
				1,
				2.578,
				-23.926,
				2.589,
				-23.78,
				2.6,
				-23.717,
				1,
				2.611,
				-23.652,
				2.622,
				-23.6,
				2.633,
				-23.556,
				1,
				2.667,
				-24.5,
				2.7,
				-21.176,
				2.733,
				-21.854,
				1,
				2.767,
				-22.997,
				2.8,
				-18.375,
				2.833,
				-19.371,
				1,
				2.867,
				-20.852,
				2.9,
				-14.875,
				2.933,
				-16.131,
				1,
				2.944,
				-15.97,
				2.956,
				-15.766,
				2.967,
				-15.516,
				1,
				2.978,
				-15.324,
				2.989,
				-13.214,
				3,
				-13.004,
				1,
				3.033,
				-11.679,
				3.067,
				-13.361,
				3.1,
				-9.021,
				1,
				3.133,
				-7.61,
				3.167,
				-9.393,
				3.2,
				-4.777,
				1,
				3.233,
				-3.382,
				3.267,
				-5.097,
				3.3,
				-0.597,
				1,
				3.322,
				-0.009,
				3.344,
				0.149,
				3.367,
				0.734,
				1,
				3.4,
				4.957,
				3.433,
				3.323,
				3.467,
				4.619,
				1,
				3.5,
				8.879,
				3.533,
				7.281,
				3.567,
				8.618,
				1,
				3.6,
				13.272,
				3.633,
				11.517,
				3.667,
				12.97,
				1,
				3.7,
				17.832,
				3.733,
				15.895,
				3.767,
				17.347,
				1,
				3.8,
				21.613,
				3.833,
				19.849,
				3.867,
				21.075,
				1,
				3.9,
				24.085,
				3.933,
				22.791,
				3.967,
				23.616,
				1,
				4,
				25.148,
				4.033,
				24.653,
				4.067,
				24.814,
				1,
				4.078,
				24.819,
				4.089,
				24.689,
				4.1,
				24.609,
				1,
				4.111,
				24.528,
				4.122,
				24.46,
				4.133,
				24.402,
				1,
				4.167,
				25.302,
				4.2,
				21.9,
				4.233,
				22.519,
				1,
				4.244,
				22.409,
				4.256,
				22.269,
				4.267,
				22.095,
				1,
				4.278,
				21.968,
				4.289,
				20.298,
				4.3,
				20.096,
				1,
				4.333,
				18.816,
				4.367,
				20.56,
				4.4,
				16.215,
				1,
				4.422,
				15.623,
				4.444,
				15.46,
				4.467,
				14.868,
				1,
				4.5,
				10.565,
				4.533,
				12.245,
				4.567,
				10.935,
				1,
				4.6,
				6.702,
				4.633,
				8.39,
				4.667,
				7.123,
				1,
				4.7,
				3.227,
				4.733,
				4.745,
				4.767,
				3.559,
				1,
				4.778,
				3.372,
				4.789,
				1.463,
				4.8,
				1.277,
				1,
				4.811,
				1.039,
				4.822,
				0.846,
				4.833,
				0.693,
				1,
				4.867,
				2.297,
				4.9,
				-4.529,
				4.933,
				-3.069,
				1,
				4.967,
				-1.076,
				5,
				-9.401,
				5.033,
				-7.594,
				1,
				5.067,
				-5.408,
				5.1,
				-14.798,
				5.133,
				-12.667,
				1,
				5.144,
				-12.892,
				5.156,
				-13.175,
				5.167,
				-13.518,
				1,
				5.178,
				-13.789,
				5.189,
				-16.508,
				5.2,
				-16.739,
				1,
				5.233,
				-18.111,
				5.267,
				-16.713,
				5.3,
				-20.815,
				1,
				5.333,
				-21.675,
				5.367,
				-21.097,
				5.4,
				-23.317,
				1,
				5.433,
				-23.572,
				5.467,
				-23.584,
				5.5,
				-24.048,
				1,
				5.533,
				-23.929,
				5.567,
				-24.331,
				5.6,
				-23.442,
				1,
				5.633,
				-22.87,
				5.667,
				-23.773,
				5.7,
				-21.647,
				1,
				5.733,
				-20.885,
				5.767,
				-21.945,
				5.8,
				-19.341,
				1,
				5.833,
				-18.602,
				5.867,
				-19.525,
				5.9,
				-17.129,
				1,
				5.933,
				-16.283,
				5.967,
				-17.584,
				6,
				-14.574
			]
		},
		{
			"Target": "Parameter",
			"Id": "Param_Angle_Rotation6",
			"Segments": [
				0,
				-12.65,
				1,
				0.011,
				-12.659,
				0.022,
				-12.448,
				0.033,
				-12.27,
				1,
				0.044,
				-12.092,
				0.056,
				-11.971,
				0.067,
				-11.816,
				1,
				0.089,
				-11.469,
				0.111,
				-11.104,
				0.133,
				-10.609,
				1,
				0.156,
				-10.108,
				0.178,
				-9.588,
				0.2,
				-8.913,
				1,
				0.233,
				-7.935,
				0.267,
				-6.747,
				0.3,
				-5.4,
				1,
				0.322,
				-4.467,
				0.344,
				-3.568,
				0.367,
				-2.521,
				1,
				0.4,
				-1.006,
				0.433,
				0.605,
				0.467,
				2.18,
				1,
				0.489,
				3.268,
				0.511,
				4.226,
				0.533,
				5.242,
				1,
				0.567,
				6.712,
				0.6,
				8.056,
				0.633,
				9.197,
				1,
				0.656,
				9.985,
				0.678,
				10.607,
				0.7,
				11.213,
				1,
				0.722,
				11.814,
				0.744,
				12.267,
				0.767,
				12.698,
				1,
				0.822,
				13.742,
				0.878,
				14.276,
				0.933,
				14.764,
				1,
				0.989,
				15.231,
				1.044,
				15.624,
				1.1,
				16.05,
				1,
				1.156,
				16.473,
				1.211,
				16.844,
				1.267,
				16.878,
				1,
				1.322,
				16.884,
				1.378,
				16.544,
				1.433,
				15.522,
				1,
				1.456,
				15.102,
				1.478,
				14.647,
				1.5,
				14.049,
				1,
				1.533,
				12.778,
				1.567,
				13.124,
				1.6,
				9.737,
				1,
				1.622,
				9.184,
				1.644,
				9.032,
				1.667,
				8.474,
				1,
				1.7,
				4.233,
				1.733,
				5.86,
				1.767,
				4.555,
				1,
				1.8,
				0.407,
				1.833,
				2.051,
				1.867,
				0.806,
				1,
				1.9,
				-2.921,
				1.933,
				-1.429,
				1.967,
				-2.539,
				1,
				1.978,
				-2.711,
				1.989,
				-4.406,
				2,
				-4.557,
				1,
				2.011,
				-4.755,
				2.022,
				-4.914,
				2.033,
				-5.039,
				1,
				2.067,
				-3.891,
				2.1,
				-9.03,
				2.133,
				-7.852,
				1,
				2.144,
				-7.972,
				2.156,
				-8.124,
				2.167,
				-8.312,
				1,
				2.178,
				-8.459,
				2.189,
				-9.998,
				2.2,
				-10.142,
				1,
				2.233,
				-11.04,
				2.267,
				-9.942,
				2.3,
				-12.833,
				1,
				2.322,
				-13.216,
				2.344,
				-13.314,
				2.367,
				-13.694,
				1,
				2.4,
				-16.348,
				2.433,
				-15.263,
				2.467,
				-16.034,
				1,
				2.5,
				-18.038,
				2.533,
				-17.154,
				2.567,
				-17.686,
				1,
				2.6,
				-18.605,
				2.633,
				-18.188,
				2.667,
				-18.311,
				1,
				2.678,
				-18.318,
				2.689,
				-18.126,
				2.7,
				-18.063,
				1,
				2.711,
				-17.996,
				2.722,
				-17.945,
				2.733,
				-17.902,
				1,
				2.767,
				-18.675,
				2.8,
				-15.853,
				2.833,
				-16.38,
				1,
				2.867,
				-17.475,
				2.9,
				-13.051,
				2.933,
				-13.981,
				1,
				2.967,
				-15.271,
				3,
				-9.833,
				3.033,
				-11.031,
				1,
				3.044,
				-10.895,
				3.056,
				-10.723,
				3.067,
				-10.51,
				1,
				3.078,
				-10.346,
				3.089,
				-8.549,
				3.1,
				-8.378,
				1,
				3.133,
				-7.303,
				3.167,
				-8.645,
				3.2,
				-5.152,
				1,
				3.233,
				-4.099,
				3.267,
				-5.388,
				3.3,
				-1.997,
				1,
				3.333,
				-0.995,
				3.367,
				-2.201,
				3.4,
				1.003,
				1,
				3.422,
				1.428,
				3.444,
				1.537,
				3.467,
				1.959,
				1,
				3.5,
				4.975,
				3.533,
				3.797,
				3.567,
				4.715,
				1,
				3.6,
				7.638,
				3.633,
				6.522,
				3.667,
				7.428,
				1,
				3.7,
				10.469,
				3.733,
				9.323,
				3.767,
				10.274,
				1,
				3.8,
				13.481,
				3.833,
				12.249,
				3.867,
				13.234,
				1,
				3.9,
				16.341,
				3.933,
				15.087,
				3.967,
				16.001,
				1,
				4,
				18.505,
				4.033,
				17.423,
				4.067,
				18.107,
				1,
				4.1,
				19.429,
				4.133,
				18.943,
				4.167,
				19.094,
				1,
				4.189,
				19.059,
				4.211,
				18.865,
				4.233,
				18.803,
				1,
				4.267,
				19.659,
				4.3,
				16.608,
				4.333,
				17.148,
				1,
				4.344,
				17.047,
				4.356,
				16.917,
				4.367,
				16.756,
				1,
				4.378,
				16.64,
				4.389,
				15.025,
				4.4,
				14.846,
				1,
				4.433,
				13.695,
				4.467,
				15.268,
				4.5,
				11.364,
				1,
				4.522,
				10.822,
				4.544,
				10.675,
				4.567,
				10.132,
				1,
				4.6,
				6.143,
				4.633,
				7.712,
				4.667,
				6.509,
				1,
				4.7,
				2.895,
				4.733,
				4.359,
				4.767,
				3.295,
				1,
				4.8,
				0.286,
				4.833,
				1.516,
				4.867,
				0.636,
				1,
				4.878,
				0.501,
				4.889,
				-0.779,
				4.9,
				-0.895,
				1,
				4.911,
				-1.046,
				4.922,
				-1.167,
				4.933,
				-1.262,
				1,
				4.967,
				-0.322,
				5,
				-4.413,
				5.033,
				-3.521,
				1,
				5.067,
				-2.349,
				5.1,
				-7.229,
				5.133,
				-6.196,
				1,
				5.167,
				-4.749,
				5.2,
				-10.796,
				5.233,
				-9.48,
				1,
				5.244,
				-9.635,
				5.256,
				-9.83,
				5.267,
				-10.071,
				1,
				5.278,
				-10.256,
				5.289,
				-12.309,
				5.3,
				-12.497,
				1,
				5.333,
				-13.635,
				5.367,
				-12.347,
				5.4,
				-15.898,
				1,
				5.433,
				-16.714,
				5.467,
				-16.018,
				5.5,
				-18.298,
				1,
				5.533,
				-18.598,
				5.567,
				-18.633,
				5.6,
				-19.163,
				1,
				5.633,
				-18.996,
				5.667,
				-19.571,
				5.7,
				-18.41,
				1,
				5.733,
				-17.762,
				5.767,
				-18.821,
				5.8,
				-16.4,
				1,
				5.833,
				-15.535,
				5.867,
				-16.681,
				5.9,
				-13.785,
				1,
				5.922,
				-13.392,
				5.944,
				-13.291,
				5.967,
				-12.9,
				1,
				5.978,
				-12.757,
				5.989,
				-11.339,
				6,
				-11.213
			]
		}
	]
}